,nPulses,NN
0,0,1.0
1,1,0.9992654260528894
2,2,0.8473985561364202
3,3,0.3486725663716814
4,4,0.43859204861990375
