,Unnamed: 0,nPulses,DCT
0,0,0,0.9992337164750957
1,1,1,0.9091133613237836
2,2,2,0.5765968063872255
3,3,3,0.3942071674030437
4,4,4,0.5441213653603034
